{"stat.walkOneCm":91975,"achievement.openInventory":7,"stat.useItem.minecraft.stone":2,"stat.leaveGame":26,"stat.flyOneCm":2924904,"stat.drop":1,"stat.jump":126,"stat.swimOneCm":1159,"stat.playOneMinute":40224,"stat.climbOneCm":1688,"stat.damageDealt":20,"stat.crouchOneCm":1223,"stat.timeSinceDeath":40224,"stat.sprintOneCm":73407,"achievement.exploreAllBiomes":{"value":0,"progress":["Mesa Plateau F","Mesa","Roofed Forest","Birch Forest","Plains","The End","Mesa Plateau","Ice Plains","Jungle","Ocean","Forest","River","Desert","Taiga","Extreme Hills","Swampland","Deep Ocean","Savanna"]},"stat.diveOneCm":2113}